id,Check,state,time
3,3,Start,11:05:28
4,3,Success,11:20:15
5,4,Start,11:35:28
6,4,Success,11:50:15
7,5,Start,12:05:28
8,5,Success,12:20:15
9,6,Start,12:35:28
10,6,Success,12:50:15
11,7,Start,13:05:28
12,7,Success,13:20:15
13,9,Start,14:05:28
14,9,Success,14:20:15
15,10,Start,14:35:28
16,10,Success,14:50:15
17,11,Start,15:05:28
18,11,Success,15:20:15
19,12,Start,15:35:28
20,12,Success,15:50:15
21,13,Start,16:05:28
22,13,Success,16:20:15
23,14,Start,16:35:28
24,14,Success,16:50:15
25,15,Start,17:05:28
26,15,Success,17:20:15
27,16,Start,17:35:28
28,16,Success,17:50:15
29,17,Start,18:05:28
30,17,Success,18:20:15
31,18,Start,18:35:28
32,18,Success,18:50:15
33,19,Start,19:05:28
34,19,Success,19:20:15
35,20,Start,19:35:28
36,20,Success,19:50:15
37,21,Start,20:05:28
38,21,Success,20:20:15
39,23,Start,21:05:28
40,23,Success,21:20:15
41,24,Start,21:35:28
42,24,Success,21:50:15
43,25,Start,22:05:28
44,25,Success,22:20:15
45,27,Start,23:05:28
46,27,Success,23:20:15
47,28,Start,08:35:13
48,28,Success,08:50:00
49,29,Start,09:05:13
50,29,Success,09:20:00
51,30,Start,09:35:13
52,30,Success,09:50:00
53,31,Start,10:05:13
54,31,Success,10:20:00
55,32,Start,10:35:13
56,32,Success,10:50:00
57,33,Start,11:05:13
58,33,Success,11:20:00
59,35,Start,12:05:13
60,35,Success,12:20:00
61,36,Start,12:35:13
62,36,Success,12:50:00
63,37,Start,13:05:13
64,37,Success,13:20:00
65,39,Start,14:05:13
66,39,Success,14:20:00
67,40,Start,14:35:13
68,40,Success,14:50:00
69,42,Start,15:35:13
70,42,Success,15:50:00
71,43,Start,16:05:13
72,43,Success,16:20:00
73,44,Start,16:35:13
74,44,Success,16:50:00
75,45,Start,17:05:13
76,45,Success,17:20:00
77,47,Start,18:05:13
78,47,Success,18:20:00
79,49,Start,19:05:13
80,49,Success,19:20:00
81,50,Start,19:35:13
82,50,Success,19:50:00
83,51,Start,20:05:13
84,51,Success,20:20:00
85,52,Start,20:35:13
86,52,Success,20:50:00
87,53,Start,21:05:13
88,53,Success,21:20:00
89,57,Start,23:05:13
90,57,Success,23:20:00
91,58,Start,23:35:13
92,58,Success,23:50:00
93,67,Start,12:35:13
94,67,Success,12:50:00
95,69,Start,13:35:13
96,69,Success,13:50:00
97,72,Start,15:05:13
98,72,Success,15:20:00
99,74,Start,16:05:13
100,74,Success,16:20:00
101,75,Start,16:35:13
102,75,Success,16:50:00
103,76,Start,17:05:13
104,76,Success,17:20:00
105,79,Start,18:35:13
106,79,Success,18:50:00
107,81,Start,19:35:13
108,81,Success,19:50:00
109,82,Start,20:05:13
110,82,Success,20:20:00
111,85,Start,21:35:13
112,85,Success,21:50:00
113,86,Start,22:05:13
114,86,Success,22:20:00
115,89,Start,23:35:13
116,89,Success,23:50:00
117,90,Start,08:35:13
118,90,Success,08:50:00
119,95,Start,11:05:13
120,95,Success,11:20:00
121,99,Start,13:05:13
122,99,Success,13:20:00
123,100,Start,13:35:13
124,100,Success,13:50:00
